tamano,filas,estrategia,consulta,repeticion,segundos
1 mes (2026-01),3765161,parquet,filtro_selectivo,1,0.24093920001178049
1 mes (2026-01),3765161,parquet,filtro_selectivo,2,0.24692119999963325
1 mes (2026-01),3765161,parquet,filtro_selectivo,3,0.24719549999281298
1 mes (2026-01),3765161,parquet,percentiles,1,3.811015100000077
1 mes (2026-01),3765161,parquet,percentiles,2,0.7284425999969244
1 mes (2026-01),3765161,parquet,percentiles,3,0.6148107999906642
1 mes (2026-01),3765161,parquet,por_hora,1,1.577864100006991
1 mes (2026-01),3765161,parquet,por_hora,2,0.1607598999980837
1 mes (2026-01),3765161,parquet,por_hora,3,0.19400850000965875
1 mes (2026-01),3765161,parquet,resumen_pago,1,0.9588786000094842
1 mes (2026-01),3765161,parquet,resumen_pago,2,0.11616640001011547
1 mes (2026-01),3765161,parquet,resumen_pago,3,0.1259699000074761
1 mes (2026-01),3765161,parquet,top_pares,1,0.1431492999981856
1 mes (2026-01),3765161,parquet,top_pares,2,0.11679430000367574
1 mes (2026-01),3765161,parquet,top_pares,3,0.12305599999672268
1 mes (2026-01),3765161,parquet,viajes_por_mes,1,0.5909567000053357
1 mes (2026-01),3765161,parquet,viajes_por_mes,2,0.28442299999005627
1 mes (2026-01),3765161,parquet,viajes_por_mes,3,0.27661329999682494
1 mes (2026-01),3765161,tabla,filtro_selectivo,1,0.02433329999621492
1 mes (2026-01),3765161,tabla,filtro_selectivo,2,0.0262706000066828
1 mes (2026-01),3765161,tabla,filtro_selectivo,3,0.024701999995158985
1 mes (2026-01),3765161,tabla,percentiles,1,0.6612024999922141
1 mes (2026-01),3765161,tabla,percentiles,2,0.7773814999964088
1 mes (2026-01),3765161,tabla,percentiles,3,0.8192641000059666
1 mes (2026-01),3765161,tabla,por_hora,1,0.17918229999486357
1 mes (2026-01),3765161,tabla,por_hora,2,0.15166239999234676
1 mes (2026-01),3765161,tabla,por_hora,3,0.16934620001120493
1 mes (2026-01),3765161,tabla,resumen_pago,1,0.15378849999979138
1 mes (2026-01),3765161,tabla,resumen_pago,2,0.17508809998980723
1 mes (2026-01),3765161,tabla,resumen_pago,3,0.14822309999726713
1 mes (2026-01),3765161,tabla,top_pares,1,0.3334947000112152
1 mes (2026-01),3765161,tabla,top_pares,2,0.09570299999904819
1 mes (2026-01),3765161,tabla,top_pares,3,0.08069849999446888
1 mes (2026-01),3765161,tabla,viajes_por_mes,1,0.30364189999818336
1 mes (2026-01),3765161,tabla,viajes_por_mes,2,0.2005460999935167
1 mes (2026-01),3765161,tabla,viajes_por_mes,3,0.1867519999941578
2026 (8 meses),30040469,parquet,filtro_selectivo,1,1.5197832999983802
2026 (8 meses),30040469,parquet,filtro_selectivo,2,1.2452301000012085
2026 (8 meses),30040469,parquet,filtro_selectivo,3,1.1316899999947054
2026 (8 meses),30040469,parquet,percentiles,1,10.663494399996125
2026 (8 meses),30040469,parquet,percentiles,2,13.060779499995988
2026 (8 meses),30040469,parquet,percentiles,3,4.565711999995983
2026 (8 meses),30040469,parquet,por_hora,1,3.941561300001922
2026 (8 meses),30040469,parquet,por_hora,2,1.8494857999903616
2026 (8 meses),30040469,parquet,por_hora,3,1.8175531999877421
2026 (8 meses),30040469,parquet,resumen_pago,1,4.131095200005802
2026 (8 meses),30040469,parquet,resumen_pago,2,1.0055893999960972
2026 (8 meses),30040469,parquet,resumen_pago,3,1.1793226000008872
2026 (8 meses),30040469,parquet,top_pares,1,3.176335999989533
2026 (8 meses),30040469,parquet,top_pares,2,0.654994299999089
2026 (8 meses),30040469,parquet,top_pares,3,0.7912915000051726
2026 (8 meses),30040469,parquet,viajes_por_mes,1,2.148587799994857
2026 (8 meses),30040469,parquet,viajes_por_mes,2,2.069492900001933
2026 (8 meses),30040469,parquet,viajes_por_mes,3,2.157034499992733
2026 (8 meses),30040469,tabla,filtro_selectivo,1,0.6265482000017073
2026 (8 meses),30040469,tabla,filtro_selectivo,2,0.25190220000513364
2026 (8 meses),30040469,tabla,filtro_selectivo,3,0.260434299998451
2026 (8 meses),30040469,tabla,percentiles,1,6.549990200001048
2026 (8 meses),30040469,tabla,percentiles,2,6.873096600000281
2026 (8 meses),30040469,tabla,percentiles,3,4.7750306999951135
2026 (8 meses),30040469,tabla,por_hora,1,1.6128141000081087
2026 (8 meses),30040469,tabla,por_hora,2,1.064588499997626
2026 (8 meses),30040469,tabla,por_hora,3,1.1393147000053432
2026 (8 meses),30040469,tabla,resumen_pago,1,2.4473175000021
2026 (8 meses),30040469,tabla,resumen_pago,2,0.6717570000037085
2026 (8 meses),30040469,tabla,resumen_pago,3,0.8448028999991948
2026 (8 meses),30040469,tabla,top_pares,1,1.1773453000059817
2026 (8 meses),30040469,tabla,top_pares,2,0.40910710000025574
2026 (8 meses),30040469,tabla,top_pares,3,0.44104830001015216
2026 (8 meses),30040469,tabla,viajes_por_mes,1,1.4253462999913609
2026 (8 meses),30040469,tabla,viajes_por_mes,2,1.7407776000036392
2026 (8 meses),30040469,tabla,viajes_por_mes,3,1.8591526999953203
2025 y 2026,79354446,parquet,filtro_selectivo,1,8.428796499996679
2025 y 2026,79354446,parquet,filtro_selectivo,2,1.9925080000102753
2025 y 2026,79354446,parquet,filtro_selectivo,3,2.2849330000026384
2025 y 2026,79354446,parquet,percentiles,1,48.30737689998932
2025 y 2026,79354446,parquet,percentiles,2,15.467485100001795
2025 y 2026,79354446,parquet,percentiles,3,13.049162999988766
2025 y 2026,79354446,parquet,por_hora,1,5.352556400001049
2025 y 2026,79354446,parquet,por_hora,2,3.649995300002047
2025 y 2026,79354446,parquet,por_hora,3,3.853300800008583
2025 y 2026,79354446,parquet,resumen_pago,1,3.5717042999895057
2025 y 2026,79354446,parquet,resumen_pago,2,2.7451287000003504
2025 y 2026,79354446,parquet,resumen_pago,3,2.8587480999995023
2025 y 2026,79354446,parquet,top_pares,1,3.1018006000085734
2025 y 2026,79354446,parquet,top_pares,2,2.7482849000080023
2025 y 2026,79354446,parquet,top_pares,3,2.587314399992465
2025 y 2026,79354446,parquet,viajes_por_mes,1,5.804366500000469
2025 y 2026,79354446,parquet,viajes_por_mes,2,5.890271099997335
2025 y 2026,79354446,parquet,viajes_por_mes,3,6.169730999987223
2025 y 2026,79354446,tabla,filtro_selectivo,1,7.127631199997268
2025 y 2026,79354446,tabla,filtro_selectivo,2,0.9162123999994947
2025 y 2026,79354446,tabla,filtro_selectivo,3,0.3341574999940349
2025 y 2026,79354446,tabla,percentiles,1,63.01368170000205
2025 y 2026,79354446,tabla,percentiles,2,16.17223510000622
2025 y 2026,79354446,tabla,percentiles,3,15.879421899997396
2025 y 2026,79354446,tabla,por_hora,1,3.504698799995822
2025 y 2026,79354446,tabla,por_hora,2,2.9015974999929313
2025 y 2026,79354446,tabla,por_hora,3,2.886337599993567
2025 y 2026,79354446,tabla,resumen_pago,1,18.589655299991136
2025 y 2026,79354446,tabla,resumen_pago,2,1.4420195999991847
2025 y 2026,79354446,tabla,resumen_pago,3,1.4559823000017786
2025 y 2026,79354446,tabla,top_pares,1,5.323773800002527
2025 y 2026,79354446,tabla,top_pares,2,0.9572444999939762
2025 y 2026,79354446,tabla,top_pares,3,0.9355544999998529
2025 y 2026,79354446,tabla,viajes_por_mes,1,5.023482599994168
2025 y 2026,79354446,tabla,viajes_por_mes,2,4.124284400008037
2025 y 2026,79354446,tabla,viajes_por_mes,3,3.904937500003143
2024 a 2026,121184384,parquet,filtro_selectivo,1,7.622253499997896
2024 a 2026,121184384,parquet,filtro_selectivo,2,3.3734532999951625
2024 a 2026,121184384,parquet,filtro_selectivo,3,3.630721599998651
2024 a 2026,121184384,parquet,percentiles,1,30.949737200004165
2024 a 2026,121184384,parquet,percentiles,2,27.083851200004574
2024 a 2026,121184384,parquet,percentiles,3,19.952251700000488
2024 a 2026,121184384,parquet,por_hora,1,17.768600099996547
2024 a 2026,121184384,parquet,por_hora,2,4.249807799991686
2024 a 2026,121184384,parquet,por_hora,3,5.642860699997982
2024 a 2026,121184384,parquet,resumen_pago,1,10.168964300013613
2024 a 2026,121184384,parquet,resumen_pago,2,7.000785399999586
2024 a 2026,121184384,parquet,resumen_pago,3,5.964432499997201
2024 a 2026,121184384,parquet,top_pares,1,5.471973099993193
2024 a 2026,121184384,parquet,top_pares,2,3.5792053999903146
2024 a 2026,121184384,parquet,top_pares,3,3.6750202999974135
2024 a 2026,121184384,parquet,viajes_por_mes,1,9.592650499995216
2024 a 2026,121184384,parquet,viajes_por_mes,2,9.494196599989664
2024 a 2026,121184384,parquet,viajes_por_mes,3,9.111503199994331
2024 a 2026,121184384,tabla,filtro_selectivo,1,5.765972499997588
2024 a 2026,121184384,tabla,filtro_selectivo,2,0.9146629000024404
2024 a 2026,121184384,tabla,filtro_selectivo,3,0.8905284000065876
2024 a 2026,121184384,tabla,percentiles,1,100.6699845000112
2024 a 2026,121184384,tabla,percentiles,2,25.30697720000171
2024 a 2026,121184384,tabla,percentiles,3,31.290256299995235
2024 a 2026,121184384,tabla,por_hora,1,20.297122300005867
2024 a 2026,121184384,tabla,por_hora,2,2.8161842999979854
2024 a 2026,121184384,tabla,por_hora,3,3.6400004999886733
2024 a 2026,121184384,tabla,resumen_pago,1,22.413497400004417
2024 a 2026,121184384,tabla,resumen_pago,2,4.113488999995752
2024 a 2026,121184384,tabla,resumen_pago,3,3.9310449000040535
2024 a 2026,121184384,tabla,top_pares,1,12.322495799991884
2024 a 2026,121184384,tabla,top_pares,2,2.6197174999979325
2024 a 2026,121184384,tabla,top_pares,3,3.410970900004031
2024 a 2026,121184384,tabla,viajes_por_mes,1,10.728957500003162
2024 a 2026,121184384,tabla,viajes_por_mes,2,8.85633839998627
2024 a 2026,121184384,tabla,viajes_por_mes,3,8.371452000006684
